attributes,female_pref,male_pref
Attractive,17.766083650190115,27.079040590405903
Sincere,18.314752851711027,16.399963099630995
Intelligent,20.879087452471484,19.35992619926199
Fun,17.33254752851711,17.537380073800737
Ambitious,12.920798479087452,8.833726937269372
Shared Interest,12.768136882129278,11.007970479704797
