Method,Train RMSE,Test RMSE
Ordinary Least-Squares,0.14181464225317994,0.16765875989153167
Ridge,0.15211103304305298,0.17132070228845844
Lasso,0.15355609512211568,0.17610887851479667
Decision Tree,0.3154095860920589,0.189756495839251
Random Forest,0.06185064760913129,0.16817072694210802
